slug,title,year,doi,publication_record,pdf_source,pdf_sha256
iov-resource-allocation,Collaborative Multi-Agent Proximal Policy Based Resource Allocation in Clustered IoV Networks,2024,10.1109/swc62898.2024.00268,https://doi.org/10.1109/swc62898.2024.00268,Original project: static/uploads/Collaborative_Multi-Agent_Proximal_Policy_Based_Resource_Allocation_in_Clustered_IoV_Networks.pdf,4d0f95f72214d52b146ff59255f04c9e0148efc8e2edea0dba360326b9b2f58c
chameleon,Chameleon: An Adaptive System for Overlapping Keystroke Signal Separation and Identification,2024,10.1109/icpads63350.2024.00018,https://doi.org/10.1109/icpads63350.2024.00018,Original project: static/uploads/Chameleon.pdf,16311acfd60050b89863df35419e1c69d061fa8d40ce1a8d4140b724479903ed
music-reasoning,Can LLMs “Reason” in Music? An Evaluation of LLMs’ Capability of Music Understanding and Generation,2024,10.5281/zenodo.14877281,https://ismir.net/conferences/ismir-2024/,https://zenodo.org/record/14877281/files/000007.pdf,18eb5a1d7668d95c04756fb57739143360a85039454442fd8107971ab7cf33f5
lit,LiT: Fine-grained Toothbrushing Monitoring with Commercial LED Toothbrush,2023,10.1145/3570361.3613287,https://doi.org/10.1145/3570361.3613287,Original project: static/uploads/Lit_Mobicom2023.pdf,e8e7c2fd06efe2bd3c047daafbac1f6c0c8869b4085084bf7bdbbdcbb2bd7eda
lisee,LiSee: A Headphone that Provides All-day Assistance for Blind and Low-vision Users to Reach Surrounding Objects,2022,10.1145/3550282,https://doi.org/10.1145/3550282,Original project: static/uploads/3550282.pdf,07f5c8c23b9666f558b740f55f1b25f635df8ea4be887f369ea00edccf5c9fce
muscle-mind,Muscle-Mind: towards the Strength Training Monitoring via the Neuro-Muscular Connection Sensing,2021,10.1145/3485730.3492875,https://doi.org/10.1145/3485730.3492875,https://luwang-szu.github.io/paper/Muscle-MindSenSys.pdf,652a004f7db0161e9dcbe4fd9bbb0380d0ac55d129f253f35859841d0fdbb166
lili,Lili: liquor quality monitoring based on light signals,2021,10.1145/3447993.3483246,https://doi.org/10.1145/3447993.3483246,https://luwang-szu.github.io/paper/LiliMobiCom.pdf,20b0f1863a30a8655dfce4c9eb78e70766887487ce89fc63d0f73300c80461c3
vi-liquid,Vi-liquid: unknown liquid identification with your smartphone vibration,2021,10.1145/3447993.3448621,https://doi.org/10.1145/3447993.3448621,https://luwang-szu.github.io/paper/Vi-LiquidMobiCom.pdf,33cf23e3029e2568f4813ea1f55eb6c3926a2d2d3d2a18792c9ef67aabecce99
hrtf-transfer,Parameter-Transfer Learning for Low-Resource Individualization of Head-Related Transfer Functions,2019,10.21437/interspeech.2019-2558,https://doi.org/10.21437/interspeech.2019-2558,https://luwang-szu.github.io/paper/Parameter-Transfer.pdf,79dfad3c6e430bf0328c38ebee02ca986db765d30da76827d9be8ec0da5c2e1f
g-fall,G-Fall: Device-free and Training-free Fall Detection with Geophones,2019,10.1109/sahcn.2019.8824827,https://doi.org/10.1109/sahcn.2019.8824827,https://luwang-szu.github.io/paper/G-Fall.pdf,c3fa896d1169f831c7fe634b4deaed0fae908085ac7b841d12673bbcf52c3cab
taprint,Taprint: Secure Text Input for Commodity Smart Wristbands,2019,10.1145/3300061.3300124,https://doi.org/10.1145/3300061.3300124,https://luwang-szu.github.io/paper/Taprint.pdf,eb82df2e06043471389c621e02ed9b6a640866e6fb746ba52426912d2842266d
oinput,Oinput: A Bone-Conductive QWERTY Keyboard Recognition for Wearable Device,2018,10.1109/ICPADS.2018.00126,https://doi.org/10.1109/ICPADS.2018.00126,https://luwang-szu.github.io/paper/Oinput.pdf,d2be584e3de7bca6860ff5468dc449c95540e08716466f69146afcffa2113cfa
mm-humidity,mm-Humidity: Fine-grained Humidity Sensing with Millimeter Wave Signals,2018,10.1109/ICPADS.2018.00036,https://doi.org/10.1109/ICPADS.2018.00036,https://luwang-szu.github.io/paper/mm-Humidity.pdf,c0883ac2775be7446ea0bfc1f7609014b54d331577930c893043c3054772eb54
side,SIDE: Semi-Distributed Mechanical Equilibrium Based UAV Deployment,2018,10.1109/icnp.2018.00043,https://doi.org/10.1109/icnp.2018.00043,https://luwang-szu.github.io/paper/SIDE.pdf,901bc21ccb2211f394d884955b80e6a346c19a328ddffc644e1e242f67661c52
vitype,ViType: A Cost Efficient On-Body Typing System through Vibration,2018,10.1109/sahcn.2018.8397098,https://doi.org/10.1109/sahcn.2018.8397098,https://luwang-szu.github.io/paper/ViType.pdf,bf45cac0d339619b3445f5fd8257f295f4c4d884ac9cde6c68103183d2887346
virtual-keyboard-demo,Virtual Keyboard for Wearable Wristbands,2017,10.1145/3131672.3136984,https://doi.org/10.1145/3131672.3136984,https://luwang-szu.github.io/paper/Virtual%20Keyboard.pdf,9aee55bef779f092d3bc58d9148ec553d0e5861339c7b0f8b96ee0bfdd4815dd
wi-fire,Wi-fire: Device-free fire detection using WiFi networks,2017,10.1109/icc.2017.7997406,https://doi.org/10.1109/icc.2017.7997406,https://luwang-szu.github.io/paper/Wi-Fire.pdf,cc486b1fdef3fadfa63d8b66a7fd43f962541ee5841ad7f23f06f4b82340b202
floc,FLoc: Device-free passive indoor localization in complex environments,2017,10.1109/icc.2017.7997098,https://doi.org/10.1109/icc.2017.7997098,https://luwang-szu.github.io/paper/FLoc.pdf,31f59f8a2b279028d16c189791da78bd8a25a3f2dee66d1d3143f5071c912897
hash-division,Hash Division Multiple Access,2016,10.1109/glocom.2016.7841868,https://doi.org/10.1109/glocom.2016.7841868,https://luwang-szu.github.io/paper/Hash%20Division.pdf,df259aaa7fb120834bd40f6b704fb3c300b7051364e796174384b93c4460135f
adjacent-channel,Embracing adjacent channel interference in next generation Wi-Fi networks,2016,10.1109/icc.2016.7511468,https://doi.org/10.1109/icc.2016.7511468,https://luwang-szu.github.io/paper/Adjacent%20Channel.pdf,1c49f5fba59f3bc9956c40f827f7e15b4a9899ced3ecdf79502d6856e5361e7b
combined-keystrokes,Accurate Combined Keystrokes Detection Using Acoustic Signals,2016,10.1109/MSN.2016.9,https://doi.org/10.1109/MSN.2016.9,https://luwang-szu.github.io/paper/Acoustic%20Signals.pdf,0c32e434c1f4a050867e38e0caf1ff659c6d1a1a7be1c3ef461d2eed7e912e6b
rateless-sampleless,From rateless to sampleless: Wi-Fi connectivity made energy efficient,2016,10.1109/infocom.2016.7524424,https://doi.org/10.1109/infocom.2016.7524424,https://luwang-szu.github.io/paper/From_rateless_to_sampleless_Wi-Fi_connectivity_made_energy_efficient.pdf,cce5fe1e8d7bff861bbcf9241041b6fd5e2d21781be8804909c732b55f09e56e
wi-humidity,WiHumidity: A Novel CSI-Based Humidity Measurement System,2017,10.1007/978-3-319-52015-5_55,https://doi.org/10.1007/978-3-319-52015-5_55,https://luwang-szu.github.io/paper/WiHumidity.pdf,43f5fc35cb7cc8c8b1e8e9246080d964b18c9b107f55132a36a498a8a1d197fa
piros,Piros: Pushing the Limits of Partially Concurrent Transmission in WiFi Networks,2015,10.1109/icdcs.2015.103,https://doi.org/10.1109/icdcs.2015.103,https://luwang-szu.github.io/paper/Piros_Pushing_the_Limits_of_Partially_Concurrent_Transmission_in_WiFi_Networks.pdf,f48c97117f2b1e7aa22fbe09424d9b7858294abdad06400f3f819dbde83f6252
smart-pilot-recovery,Exploring smart pilot for partial packet recovery in super dense wireless networks,2015,10.1109/iccw.2015.7247499,https://doi.org/10.1109/iccw.2015.7247499,https://luwang-szu.github.io/paper/Exploring_smart_pilot_for_partial_packet_recovery_in_super_dense_wireless_networks.pdf,b4df581af7c9068dc72e0164b8f01190ab9e2b50b598c12217729821ffd32466
smart-pilot-conference,Wireless Rate Adaptation via Smart Pilot,2014,10.1109/icnp.2014.64,https://doi.org/10.1109/icnp.2014.64,https://luwang-szu.github.io/paper/Wireless_Rate_Adaptation_via_Smart_Pilot.pdf,a0041c7d23eb0d737c3ad771a32b8634cde2d2df0873948f59607057248deccb
fc-mac,FC-MAC: Fine-grained cognitive MAC for wireless video streaming,2014,10.1109/glocom.2014.7036807,https://doi.org/10.1109/glocom.2014.7036807,https://luwang-szu.github.io/paper/FC-MAC_Fine-grained_cognitive_MAC_for_wireless_video_streaming.pdf,d74a714ed137f89213f6863665362d3b3e2156f281ca8eab469fd5eaaf59593f
nomloc,NomLoc: Calibration-Free Indoor Localization with Nomadic Access Points,2014,10.1109/icdcs.2014.66,https://doi.org/10.1109/icdcs.2014.66,https://luwang-szu.github.io/paper/NomLoc_Calibration-Free_Indoor_Localization_with_Nomadic_Access_Points.pdf,9c7adddfbfacb3942a1a3b6e638437fbe043cfa31d46fb30424bfc03def9c08e
feedback-rateless,Feedback considered beneficial: Exploring frequency diversity in full-duplex rateless codes,2013,10.1109/icc.2013.6654803,https://doi.org/10.1109/icc.2013.6654803,https://luwang-szu.github.io/paper/Feedback_considered_beneficial_Exploring_frequency_diversity_in_full-duplex_rateless_codes.pdf,c3dab55ce2ab8814b0c6d586112a876d095ebd7a0a849a7abadf1fca1955b75c
pilot-localization,Pilot: Passive Device-Free Indoor Localization Using Channel State Information,2013,10.1109/icdcs.2013.49,https://doi.org/10.1109/icdcs.2013.49,https://luwang-szu.github.io/paper/Pilot_Passive_Device-Free_Indoor_Localization_Using_Channel_State_Information.pdf,b7e331d993a56a76f79ef8de759ccf42d02265be77dd0365e2acf096af8d3487
fcm,FCM: Frequency domain Cooperative sensing and Multi-channel contention for CRAHNs,2012,10.1109/glocom.2012.6503149,https://doi.org/10.1109/glocom.2012.6503149,https://luwang-szu.github.io/paper/FCM_Frequency_domain_Cooperative_sensing_and_Multi-channel_contention_for_CRAHNs.pdf,a6eb4a890b63a68cf8449c3374ffe1feb34dfde95f5bc4cbb01d6a716682cd9b
fast,FAST: Realizing what your neighbors are doing,2012,10.1109/icc.2012.6364544,https://doi.org/10.1109/icc.2012.6364544,https://luwang-szu.github.io/paper/FAST_Realizing_what_your_neighbors_are_doing.pdf,8d595bac68ab049bed47f5b97574a8268f0c7b07a78052d6efa95ef3f997b4af
fimd,FIMD: Fine-grained Device-free Motion Detection,2012,10.1109/icpads.2012.40,https://doi.org/10.1109/icpads.2012.40,https://luwang-szu.github.io/paper/FIMD_Fine-grained_Device-free_Motion_Detection.pdf,799f807df139df244a74c326645aff7d9f9b5548c824563f5bf897a550222be4
hjam-conference,HJam: Attachment transmission in WLANs,2012,10.1109/infcom.2012.6195510,https://doi.org/10.1109/infcom.2012.6195510,,
attachment-learning-conference,Attachment Learning for Multi-channel Allocation in Distributed OFDMA Networks,2011,10.1109/icpads.2011.30,https://doi.org/10.1109/icpads.2011.30,https://luwang-szu.github.io/paper/Attachment_Learning_for_Multi-channel_Allocation_in_Distributed_OFDMA_Networks.pdf,be11c72f6d070d495326f22e5e29c33b11eb4b3a1ccc76708ebf704c2471a9e0
contractmind,ContractMind: Trust-calibration interaction design for AI contract review tools,2025,10.1016/j.ijhcs.2024.103411,https://doi.org/10.1016/j.ijhcs.2024.103411,,
optical-toothbrushing,Optical Sensing-Based Intelligent Toothbrushing Monitoring System,2025,10.1109/tmc.2024.3479455,https://doi.org/10.1109/tmc.2024.3479455,,
fedeval,Fedeval: Defending Against Lazybone Attack via Multi-dimension Evaluation in Federated Learning,2025,10.1145/3703631,https://doi.org/10.1145/3703631,,
sdn-encryption,A lightweight group-based SDN-driven encryption protocol for smart home IoT devices,2024,10.1016/j.comnet.2024.110537,https://doi.org/10.1016/j.comnet.2024.110537,,
beverage-monitoring,Beverage Deterioration Monitoring Based on Surface Tension Dynamics and Absorption Spectrum Analysis,2024,10.1109/tmc.2023.3279837,https://doi.org/10.1109/tmc.2023.3279837,https://luwang-szu.github.io/paper/Beverage_Deterioration_Monitoring_Based_on_Surface_Tension_Dynamics_and_Absorption_Spectrum_Analysis.pdf,dc3d4a831e39e70ad66e04f8e55a7e1498323e097614658c0c78f750ddeb5817
6g-subnetworks,Multi-Agent Reinforcement Learning for Dynamic Resource Management in 6G in-X Subnetworks,2023,10.1109/twc.2022.3207918,https://doi.org/10.1109/twc.2022.3207918,https://luwang-szu.github.io/paper/Multi-Agent_Reinforcement_Learning_for_Dynamic_Resource_Management_in_6G_in-X_Subnetworks.pdf,4f08f36da5cd9c7022add164df4d99b23523e0f8c950bcfad4cf894affca5894
x509-survey,"A Survey on X.509 Public-Key Infrastructure, Certificate Revocation, and Their Modern Implementation on Blockchain and Ledger Technologies",2023,10.1109/comst.2023.3323640,https://doi.org/10.1109/comst.2023.3323640,https://luwang-szu.github.io/paper/A_Survey_on_X.509_Public-Key_Infrastructure_Certificate_Revocation_and_Their_Modern_Implementation_on_Blockchain_and_Ledger_Technologies.pdf,8daba27051b421bc8b2f7d3d020edc1b95e7233504055134eb1c038e5b894b61
overlapping-lpwan,Exploring Partially Overlapping Channels for Low-power Wide Area Networks,2022,10.1145/3546075,https://doi.org/10.1145/3546075,https://luwang-szu.github.io/paper/Exploring%20Partially%20Overlapping%20Channels%20for%20Low-power%20Wide%20Area%20Networks.pdf,19dd6b05546e100a2b187d7bc2acdeb010286f2d4eb269e881fc5770c7df5278
floor-vibration-falls,Toward Device-free and User-independent Fall Detection Using Floor Vibration,2023,10.1145/3519302,https://doi.org/10.1145/3519302,https://luwang-szu.github.io/paper/Toward%20Device-free%20and%20User-independent%20Fall%20Detection%20Using%20Floor%20Vibration.pdf,b72d2bd7aefeda35fb5acd41232b4a23443af2f00793ff43a9472d881e41b991
backscatter-sensing,Backscatter communication-based wireless sensing (BBWS): Performance enhancement and future applications,2022,10.1016/j.jnca.2022.103518,https://doi.org/10.1016/j.jnca.2022.103518,https://luwang-szu.github.io/paper/Backscatter communication-based wireless sensing (BBWS)- Performance enhancement and future applications.pdf,e8ca8e217ffd5ada04916704d81d168f04a9fda78b2d3ffae776fcabb6e114bb
infit,InFit: Combination Movement Recognition For Intensive Fitness Assistant Via Wi-Fi,2023,10.1109/tmc.2022.3209656,https://doi.org/10.1109/tmc.2022.3209656,https://luwang-szu.github.io/paper/InFit-%20Combination%20Movement%20Recognition%20For%20Intensive%20Fitness%20Assistant%20Via%20Wi-Fi.pdf,be43501e492a5e09b4bb50e64417609702d57b6a8ef90144321aafa6affdf12a
portable-liquid,A Portable and Convenient System for Unknown Liquid Identification With Smartphone Vibration,2023,10.1109/tmc.2021.3121332,https://doi.org/10.1109/tmc.2021.3121332,https://luwang-szu.github.io/paper/A%20Portable%20and%20Convenient%20System%20for%20Unknown%20Liquid%20Identification%20with%20Smartphone%20Vibration.pdf,6bdb9d568ee03910a14cffb465a13d0a7bfd8222ac89b05d406ebb5abbda8647
ml-backscatter,Machine-Learning-Assisted Signal Detection in Ambient Backscatter Communication Networks,2021,10.1109/mnet.001.2100247,https://doi.org/10.1109/mnet.001.2100247,https://luwang-szu.github.io/paper/Machine%20Learning%20Assisted%20Signal%20Detection%20in%20Ambient%20Backscatter%20Communication%20Networks.pdf,58af218dfe67195a5c0a4fbeaa60bae61dca3a82bc44403a2e8dbb606e8af569
cloud-network-mec,面向云网融合的细粒度多接入边缘计算架构,2021,10.7544/issn1000-1239.2021.20201076,https://doi.org/10.7544/issn1000-1239.2021.20201076,https://luwang-szu.github.io/paper/%E9%9D%A2%E5%90%91%E4%BA%91%E7%BD%91%E8%9E%8D%E5%90%88%E7%9A%84%E7%BB%86%E7%B2%92%E5%BA%A6%E5%A4%9A%E6%8E%A5%E5%85%A5%E8%BE%B9%E7%BC%98%E8%AE%A1%E7%AE%97%E6%9E%B6%E6%9E%84.pdf,eec43fc807df481eb5b66bde4fa04a4f2fd83fad40fd9239760a9e2e475c6ce7
power-saving-input,Power Saving and Secure Text Input for Commodity Smart Watches,2021,10.1109/tmc.2020.2976007,https://doi.org/10.1109/tmc.2020.2976007,https://luwang-szu.github.io/paper/Power%20Saving%20and%20Secure%20Text%20Input%20for%20Commodity%20Smart%20Watches.pdf,7d847c720d22add94ae5220732d723ef2addedd86a1e34c7ffb37882f492ed9b
on-body-typing,A Low Latency On-Body Typing System through Single Vibration Sensor,2020,10.1109/tmc.2019.2928549,https://doi.org/10.1109/tmc.2019.2928549,https://luwang-szu.github.io/paper/A%20Low%20Latency%20On-body%20Typing%20System%20through%20Single%20Vibration%20Sensor.pdf,bb977568862cb35a94c2723af533856e70c335503c987688968ac1e529935f6a
uav-mmwave,Multiple Access MmWave Design for UAV-Aided 5G Communications,2019,10.1109/mwc.2018.1800216,https://doi.org/10.1109/mwc.2018.1800216,https://luwang-szu.github.io/paper/Multiple%20Access%20mmWave%20Design%20for%20UAV-aided%205G%20Communications.pdf,66aa2618a67e9c29672f20fdfa5dc8ac42f6bae38ab531325f3a6470274cc91d
icast,iCast: Fine-Grained Wireless Video Streaming Over Internet of Intelligent Vehicles,2019,10.1109/jiot.2018.2872518,https://doi.org/10.1109/jiot.2018.2872518,https://luwang-szu.github.io/paper/iCast-%20Fine-grained%20Wireless%20Video%20Streaming%20over%20Internet%20of%20Intelligent%20Vehicles.pdf,2fa8827526f75192790ed30fe8b1d9f41af19b05604aebca5174402dd3095b72
vlc-hardware,Recent Advances in the Hardware of Visible Light Communication,2019,10.1109/access.2019.2927054,https://doi.org/10.1109/access.2019.2927054,https://luwang-szu.github.io/paper/Recent%20Advances%20in%20the%20Hardware%20of%20Visible%20Light%20Communication.pdf,82b81f4fbc35f95acd89513308f609fee1370e22524c4122d96dfbb349d1af24
cnn-energy,Energy Efficiency Enhancement for CNN-based Deep Mobile Sensing,2019,10.1109/mwc.2019.1800321,https://doi.org/10.1109/mwc.2019.1800321,https://luwang-szu.github.io/paper/Energy%20Efficiency%20Enhancement%20for%20CNN-based%20Deep%20Mobile%20Sensing.pdf,52611f4e8b3a6e05cade37c8bd4fb4513432665f00ba11bb4d9461352e78954c
mimo-interference,Comprehensive Study on MIMO-Related Interference Management in WLANs,2019,10.1109/comst.2019.2894160,https://doi.org/10.1109/comst.2019.2894160,https://luwang-szu.github.io/paper/Comprehensive%20Study%20on%20MIMO-related%20Interference%20Management%20in%20WLANs.pdf,751ca0aa60301ec9d367d8350fcd950a46753bbe50a481abf0c987929a0d9d68
uav-spectrum,Enabling Ultra-Dense UAV-Aided Network with Overlapped Spectrum Sharing: Potential and Approaches,2018,10.1109/mnet.2018.1700464,https://doi.org/10.1109/mnet.2018.1700464,https://luwang-szu.github.io/paper/Enabling%20Ultra-dense%20UAV-aided%20Network%20with%20Overlapped%20Spectrum%20Sharing-%20Potentials%20and%20Approaches.pdf,44c67e36b4f6799bb68556ff9efce3caa375f5b6109f742562d48f41f15d3302
clot,A cost-effective low-latency overlaid torus-based data center network architecture,2018,10.1016/j.comcom.2018.07.021,https://doi.org/10.1016/j.comcom.2018.07.021,https://luwang-szu.github.io/paper/A%20Cost-effective%20Low-latency%20Overlaid%20Torus-based%20Data%20Center%20Network%20Architecture.pdf,c56f59c27c241aedaf0b6e4695338fd929c456aee8abe3daf81b612b790048f6
concurrent-cancellation,On Exploiting Concurrent Transmissions Through Discernible Interference Cancellation,2018,10.1109/tvt.2018.2853716,https://doi.org/10.1109/tvt.2018.2853716,https://luwang-szu.github.io/paper/On%20Exploiting%20Concurrent%20Transmissions%20through%20Discernible%20Interference%20Cancellation.pdf,3bddf89649f6812f9e091d35382f5177b38f271b3fb30a7dcba7c4292335b3c4
proactive-son,Revolution of Self-Organizing Network for 5G MmWave Small Cell Management: From Reactive to Proactive,2018,10.1109/mwc.2018.1700420,https://doi.org/10.1109/mwc.2018.1700420,https://luwang-szu.github.io/paper/Revolution%20of%20Self-Organizing%20Network%20for%205G%20mmWave%20Small%20Cell%20Management-%20From%20Reactive%20to%20Proactive.pdf,c9714b95efb6716411ec58306eaca69c54359b7a0a51221f5f44668842b0f375
narrowband-iot,"Narrowband Internet of Things: Evolutions, Technologies, and Open Issues",2018,10.1109/jiot.2017.2783374,https://doi.org/10.1109/jiot.2017.2783374,"https://luwang-szu.github.io/paper/Narrowband%20Internet%20of%20Things-%20Evolutions,%20Technologies%20and%20Issues.pdf",8c89e65755ee38034b091e5c49dfec02e72aec00157e95572d09219b6a27442d
aie-vlc,Aggregation-Induced Emission Luminogens as Color Converters for Visible-Light Communication,2018,10.1021/acsami.8b05950,https://doi.org/10.1021/acsami.8b05950,https://luwang-szu.github.io/paper/Aggregation-Induced%20Emission%20Luminogens%20as%20Color%20Converters%20for%20Visible-Light%20Communication.pdf,8da955b4f8e3fc69755cfab8b1cc5b9111c7896b020bce781b20958dcdac31e1
sampleless-wifi,Sampleless Wi-Fi: Bringing Low Power to Wi-Fi Communications,2017,10.1109/tnet.2016.2643160,https://doi.org/10.1109/tnet.2016.2643160,https://luwang-szu.github.io/paper/Sampleless%20Wi-Fi-%20Bringing%20Low%20Power%20to%20Wi-Fi%20Communications.pdf,2e410c18c05199f8c6cf73466f868feddd8cfc94dbc32c75f4382a3ed0310d9e
smart-pilot-journal,Exploring Smart Pilot for Wireless Rate Adaptation,2016,10.1109/twc.2016.2542807,https://doi.org/10.1109/twc.2016.2542807,https://luwang-szu.github.io/paper/Exploring%20Smart%20Pilot%20for%20Wireless%20Rate%20Adaptation.pdf,1142e6f28d9af13efe377b1e4eec971443a4b49b4c07ce025d3392b0419999f6
frequency-crahns,Harnessing Frequency Domain for Cooperative Sensing and Multi-channel Contention in CRAHNs,2014,10.1109/twc.2013.120413.130767,https://doi.org/10.1109/twc.2013.120413.130767,https://luwang-szu.github.io/paper/Harnessing%20Frequency%20Domain%20for%20Cooperative%20Sensing%20and%20Multi-channel%20Contention%20in%20CRAHNs.pdf,4a10712b64f46bae820b64ae02e7fd170a04e9411567ce43540b0b3912570899
attachment-learning-journal,Attachment-Learning for Multi-Channel Allocation in Distributed OFDMA-Based Networks,2013,10.1109/twc.2013.022013.120627,https://doi.org/10.1109/twc.2013.022013.120627,https://luwang-szu.github.io/paper/Attachment%20Learning%20for%20Multi-Channel%20Allocation%20in%20Distributed%20OFDMA-based%20Networks.pdf,9ec87292dc5d34954c826b170148edee44044b4d8f62bb449c4554724003fe62
hidden-exposed-terminals,Combating Hidden and Exposed Terminal Problems in Wireless Networks,2012,10.1109/twc.2012.092712.120628,https://doi.org/10.1109/twc.2012.092712.120628,https://luwang-szu.github.io/paper/Combating%20Hidden%20and%20Exposed%20Terminal%20Problems%20in%20Wireless%20Networks.pdf,73da5c6c7614c59a6021007d226ddb7d6623c424ee296a4d07f5909d4043cfb8
attached-rts,Attached-RTS: Eliminating an Exposed Terminal Problem in Wireless Networks,2013,10.1109/tpds.2012.228,https://doi.org/10.1109/tpds.2012.228,https://luwang-szu.github.io/paper/Attached-RTS-%20Eliminating%20an%20Exposed%20Terminal%20Problem%20in%20Wireless%20Networks.pdf,825a4d5b6cfeac95a4c81c34a105ecd1cc81a908ecfe9a7b434ec64cde78d88a
hjam-journal,hJam: Attachment Transmission in WLANs,2013,10.1109/tmc.2012.194,https://doi.org/10.1109/tmc.2012.194,https://luwang-szu.github.io/paper/hJam-%20Attachment%20Transmission%20in%20WLANs.pdf,9d6dcfc1e391f55d10cee8df0e921c9fc4d2b4c0e70df429a37d73eb9725a2fc
ccm,CCM: Cooperative Cross-Boundary Multimodal Communication Leveraging Swarms of UAVs via Multiagent Reinforcement Learning,2026,10.1109/jiot.2026.3670433,https://doi.org/10.1109/jiot.2026.3670433,,
trajectory-consistency,Collaborative Observation Imputation and Trajectory Prediction via Consistency Evaluation,2026,10.1109/tmc.2026.3664639,https://doi.org/10.1109/tmc.2026.3664639,,
tagecho,TagEcho: Empowering Ambient LoRa Backscatter Tags With Adaptive Modulation,2026,10.1109/TMC.2026.3683550,https://doi.org/10.1109/TMC.2026.3683550,,
vniscan-fruit,VNiScan-Fruit: A Non-Invasive Visible-Near Infrared Sensing System for Soluble Solids Content Estimation in Fruits,2026,10.1109/tmc.2026.3667385,https://doi.org/10.1109/tmc.2026.3667385,,
meetsumaid,MeetSumAid: A Mobile Human-AI Collaborative Meeting Summarization System,2026,10.1109/tmc.2026.3667272,https://repository.essex.ac.uk/42843/,https://repository.essex.ac.uk/42843/1/tmc26-MeetSumAid-A%20Mobile%20Human-AI%20Collaborative.pdf,bb265c74f8fa62111afef494e0d41c9e9d2e3bb5761e89fe237485e51f42de45
beyond-vision,Beyond Vision: A Multimodal Dataset and Framework for Pest Recognition via Plant Electrophysiological Signals,2026,10.24963/ijcai.2026/833,https://www.ijcai.org/proceedings/2026/833,https://www.ijcai.org/proceedings/2026/0833.pdf,e58635c7e303c0444960f0d9db65406bedbd949f8f06d3eb1d3c3c6743187021
senlora,SenLoRa: Integrated Sensing and Communication with Ambient LoRa,2025,10.1145/3749522,https://doi.org/10.1145/3749522,,
pit,PIT: A Novel Toothbrush Providing Real-Time and Robust Plaque Indication During Brushing,2025,10.1145/3711875.3729124,https://doi.org/10.1145/3711875.3729124,Original project: static/uploads/PiT_Mosiy2025.pdf,7a568ea878977fb43fbdd9a51ec7a11e0f30e0adbbd9cca9534f9d55326dc8ef
felt,FELT: Federated Ensemble Learning for Long-Tailed IoT Data via Communication-Efficient Private Voting,2026,10.1109/jiot.2026.3690483,https://doi.org/10.1109/jiot.2026.3690483,,
coco-plus,COCO+: A Behavior-Aware Cause Identification Framework for Order Cancellation in Logistics Service,2026,10.1109/tmc.2026.3652201,https://doi.org/10.1109/tmc.2026.3652201,,
mtxlstm,MTxLSTM: Multi-Task Learning for Gesture Recognition and Person Identification Using a Miniature Radar Sensor,2026,10.1109/tmc.2026.3653448,https://doi.org/10.1109/tmc.2026.3653448,,
radarattn,RadarAttn: Efficient Radar-Based Human Activity Recognition by Integrating Visual Attention and Self-Attention,2026,10.1109/ton.2025.3627399,https://researchportal.northumbria.ac.uk/en/publications/radarattn-efficient-radar-based-human-activity-recognition-by-int/,,
lora-btma,Study on MAC Protocol of LoRa Network Hidden Terminal Based on BTMA,2025,10.11896/jsjkx.240700203,https://www.jsjkx.com/EN/10.11896/jsjkx.240700203,,
attachment-transmission-book,Attachment Transmission in Wireless Networks,2014,10.1007/978-3-319-04909-0,https://doi.org/10.1007/978-3-319-04909-0,,
